{
  "train_loss": [
    2386.1122652187464,
    551.8834317394193,
    470.62631389581776,
    446.56839340677465,
    401.00687004947855,
    346.8825859219151,
    324.204425246383,
    303.3469152927432,
    287.20212143833965,
    264.24786080937474,
    250.29273107000898,
    233.99724515063673,
    220.6226370320939,
    216.56748248271177,
    224.38107505168844,
    203.87112693435728,
    196.35261618275638,
    191.04206655233082,
    192.31680805879853
  ],
  "val_rmse": [
    20.143892288208008,
    19.990034103393555,
    18.294437408447266,
    18.862943649291992,
    17.157630920410156,
    17.415874481201172,
    18.130359649658203,
    17.584712982177734,
    18.59185791015625,
    17.021717071533203,
    16.871782302856445,
    17.497251510620117,
    17.41827964782715,
    17.440927505493164,
    17.596498489379883,
    18.54496955871582,
    17.691530227661133,
    17.687896728515625,
    17.30663299560547
  ],
  "val_phm_score": [
    40653.65625,
    23101.015625,
    25005.63671875,
    70246.2890625,
    25265.83984375,
    33512.3671875,
    17191.595703125,
    21700.7265625,
    47953.2109375,
    17138.05859375,
    24417.28515625,
    17366.1875,
    21921.640625,
    18632.48828125,
    23640.791015625,
    17720.2734375,
    32484.310546875,
    17362.42578125,
    19677.4296875
  ]
}