{
  "train_loss": [
    6565.977721859817,
    2020.3944327469658,
    343.123516570055,
    264.0279262391551,
    245.050488774926,
    228.486844697115,
    221.7829691375536,
    207.31591722897468,
    199.36051342871372,
    195.208391029827,
    187.46353485004002,
    185.7954335293505,
    181.3698014934014
  ],
  "val_rmse": [
    60.46540069580078,
    19.79496192932129,
    14.069381713867188,
    13.628008842468262,
    13.618412971496582,
    13.701513290405273,
    14.074568748474121,
    14.200369834899902,
    14.532737731933594,
    14.280363082885742,
    14.749850273132324,
    14.513860702514648,
    14.221405982971191
  ],
  "val_phm_score": [
    1240377.375,
    24340.16015625,
    13278.2216796875,
    13183.3671875,
    15574.431640625,
    12971.427734375,
    15056.4677734375,
    12948.443359375,
    19980.052734375,
    16526.388671875,
    20644.951171875,
    15584.0791015625,
    17558.595703125
  ]
}